NA,"Overcoming Fear With Divine Vibrations | Brother Chidananda",https://www.youtube.com/watch?v=-Mxf7alEQjw
NA,"Experiencing the Inner Harmony — Questions and Answers About Spiritual Living | Talk With Meditation",https://www.youtube.com/watch?v=LiwP1a3OWGU
NA,"Chanting Highlights From “The Divine Art of Music” 100th Anniversary Event",https://www.youtube.com/watch?v=uqgzXa9iuzc
NA,"Be Messengers of God’s Light and Love | Sri Mrinalini Mata",https://www.youtube.com/watch?v=QpDGyxq0GoA
NA,"Developing the Invincible Power of Initiative | How-to-Live Talk With Meditation",https://www.youtube.com/watch?v=rlFrl39zJDc
NA,"Gaining the Wealth of Inner Happiness | How-to-Live Talk With Meditation",https://www.youtube.com/watch?v=gwZKMiKSlTo
NA,"The Deeper Teachings of Jesus | How-to-Live Talk With Meditation",https://www.youtube.com/watch?v=znt_o0qDY9s
NA,"Embracing Our Spiritual Resilience | How‑to‑Live Inspirational Talk",https://www.youtube.com/watch?v=DI1YMZl2fC0
NA,"Remove All Doubt That God Will Answer You | Paramahansa Yogananda",https://www.youtube.com/watch?v=RkgWGI5uIB8
NA,"Intuition and Trust in God: Guiding Lights in a Chaotic World | How-to-Live Inspirational Talk",https://www.youtube.com/watch?v=v1dWJNynnyg
NA,"Cultivating a Close Relationship With God | How-to-Live Talk With Meditation",https://www.youtube.com/watch?v=KPoMvebaJzw
NA,"Go Straight to God | Paramahansa Yogananda",https://www.youtube.com/watch?v=YeLteqYdSJg
NA,"Attuning Our Lives to the Love of God | Brother Chidananda",https://www.youtube.com/watch?v=Fynaa_dTOqM
NA,"Finding Your Role in Life | How-to-Live Talk With Meditation",https://www.youtube.com/watch?v=tBD7Fq5y4_I
NA,"Right Attitude Toward Life’s Experiences | Brother Anandamoy",https://www.youtube.com/watch?v=K-NWCQOUDlI
NA,"Our Loved Ones Never Die | How-to-Live Talk With Meditation",https://www.youtube.com/watch?v=adaAlHYn3Kk
NA,"God Is as Real as You Are | Paramahansa Yogananda",https://www.youtube.com/watch?v=zwBZ0YvZSCY
NA,"My First Experience Hearing the Divine Voice | Paramahansa Yogananda",https://www.youtube.com/watch?v=ez7BJK8vIsM
NA,"Compassion and Understanding: Cornerstones of Spiritual Living | How-to-Live Inspirational Talk",https://www.youtube.com/watch?v=3lYWHeTjG1I
NA,"The Soul’s Nature Is Love | How-to-Live Talk With Meditation",https://www.youtube.com/watch?v=TrIeeg7t3kM
NA,"The Purpose of Life | How-to-Live Talk With Meditation",https://www.youtube.com/watch?v=FGWdZeYcfxs
NA,"Guided Meditation to Awaken Your Divine Consciousness | World Meditation Day 2025",https://www.youtube.com/watch?v=A3PVN0ulgVk
NA,"The Divine Nature of Christ | How-to-Live Talk With Meditation",https://www.youtube.com/watch?v=Va_VWz22wc4
NA,"Yogananda’s Founding of the SRF International Headquarters in 1925",https://www.youtube.com/watch?v=GuHqQO3tnjQ
NA,"2025 Christmas Open House From the SRF Mother Center",https://www.youtube.com/watch?v=ztEL8sqdpu0
NA,"The Hidden Love and Joy of God | How-to-Live Inspirational Talk",https://www.youtube.com/watch?v=ZVBkM9yWqzI
NA,"“Solving the Mystery of Life” — A New Book by Yogananda",https://www.youtube.com/watch?v=jYI3M4jHz6c
NA,"Gratitude: Pathway to God’s Blessings | How-to-Live Talk With Meditation",https://www.youtube.com/watch?v=qSVzfQ2MfZQ
NA,"The Interior Life | Sri Mrinalini Mata",https://www.youtube.com/watch?v=fxt0VLnNeO8
NA,"How to Receive Definite Responses From God | Paramahansa Yogananda",https://www.youtube.com/watch?v=IIdf7Wrvlxs
NA,"What Is the Soul? | How-to-Live Talk With Meditation",https://www.youtube.com/watch?v=mPq3iydbKAk
NA,"The Antidote for “Can’t Consciousness” | “Solving the Mystery of Life” by Paramahansa Yogananda",https://www.youtube.com/watch?v=ysEpelm0ge0
NA,"Facing Life With a Spiritual Perspective | How-to-Live Talk With Meditation",https://www.youtube.com/watch?v=BPtS6HjwxcA
NA,"Strengthen the Mind for Success | From “Solving the Mystery of Life” by Paramahansa Yogananda",https://www.youtube.com/watch?v=Ew9gGxoUgcM
NA,"Activate the Divine Law for Progress | “Solving the Mystery of Life” by Paramahansa Yogananda",https://www.youtube.com/watch?v=t3zhoEjnodU
NA,"How to Be a Friend to All | How-to-Live Talk With Meditation",https://www.youtube.com/watch?v=8x5mfg0vTRw
NA,"How to Create Success | Excerpt From “The Law of Success” by Paramahansa Yogananda",https://www.youtube.com/watch?v=labQKv7YQm8
NA,"Finding Soul Guidance to Navigate the Maze of Life’s Experiences | How-to-Live Inspirational Talk",https://www.youtube.com/watch?v=PgC2DJ2t9Vg
NA,"Spirituality for the Modern World | “Solving the Mystery of Life” by Paramahansa Yogananda",https://www.youtube.com/watch?v=XCqyD1BWaww
NA,"What Is Truth? | How-to-Live Talk With Meditation",https://www.youtube.com/watch?v=oUgZ2gtqZ5w
NA,"How to Be Master of Your Habits | How-to-Live Talk With Meditation",https://www.youtube.com/watch?v=5j9mWMbsYfY
NA,"Cultivating Peace for Ourselves and the World | A 12-Minute Guided Meditation",https://www.youtube.com/watch?v=wwTZuwt7-oI
NA,"World Peace Through Meditation | How-to-Live Talk With Meditation",https://www.youtube.com/watch?v=0v0mSdfvISs
NA,"Fulfilling the Soul’s Deepest Needs | Sri Daya Mata",https://www.youtube.com/watch?v=qZQFm856Coc
NA,"Balancing Our Material and Spiritual Lives | How-to-Live Talk With Meditation",https://www.youtube.com/watch?v=W7uwEmeVV8o
NA,"How to Overcome Fear | How-to-Live Talk With Meditation",https://www.youtube.com/watch?v=ifXeaqKdloA
NA,"Inner Reflections 2026 Engagement Calendar | Self-Realization Fellowship",https://www.youtube.com/watch?v=EI5wEk-FALM
NA,"Living Supremely Well Now | How-to-Live Talk With Meditation",https://www.youtube.com/watch?v=AKq6Bnm4dqM
NA,"The Universe — God’s Cosmic Dream | How-to-Live Talk With Meditation",https://www.youtube.com/watch?v=ZiKDOT65kyI
NA,"Great Saints: God’s Messengers of Truth | How-to-Live Talk With Meditation",https://www.youtube.com/watch?v=BHOQb_tDmWY
NA,"Morning Guided Meditation With SRF Monastic | 2025 SRF World Convocation | Day 6",https://www.youtube.com/watch?v=G0VSS86mlLA
NA,"Becoming Ideal Citizens of the World | 2025 SRF World Convocation",https://www.youtube.com/watch?v=yKTSbSrGaKk
NA,"Three-Hour Meditation With Kirtan Led by SRF Monks’ Kirtan Group | 2025 SRF World Convocation",https://www.youtube.com/watch?v=Up0sJOrRyLg
NA,"The Soul’s Greatest Need | How-to-Live Talk With Meditation",https://www.youtube.com/watch?v=ZPhLcR2yL7o
NA,"Achieving Spiritual and Material Success | How-to-Live Inspirational Talk",https://www.youtube.com/watch?v=C1TeVqu0v6Q
NA,"Anchor Yourself in God | How-to-Live Talk With Meditation",https://www.youtube.com/watch?v=Tuk19b8Zflk
NA,"Living in Attunement With the Divine | Sri Mrinalini Mata",https://www.youtube.com/watch?v=tiWtEwC7tgY
NA,"How to Spiritualize Our Daily Lives | How-to-Live Talk With Meditation",https://www.youtube.com/watch?v=8HvdvlHEaSk
NA,"God as the Divine Mother | How-to-Live Talk With Meditation",https://www.youtube.com/watch?v=Jh1tWXewrbI
NA,"Gaining the Wealth of Inner Happiness | How-to-Live Talk With Meditation",https://www.youtube.com/watch?v=PuABrTpKuXg
NA,"Awakening From the Cosmic Dream | How-to-Live Talk With Meditation",https://www.youtube.com/watch?v=JgzGZsxZXbw
NA,"You Can Know God in This Life | Brother Anandamoy",https://www.youtube.com/watch?v=srH0gluMeg8
NA,"Transform Your Life by Secret Whispers to God | How-to-Live Talk With Meditation",https://www.youtube.com/watch?v=P3MvHfXpKes
NA,"Spiritual Photosynthesis — Converting God’s Grace Into Soul-Nourishment | Brother Chidananda",https://www.youtube.com/watch?v=9OvLVXgOAzs
NA,"Uniting Your Will With God’s Unlimited Power | How-to-Live Talk With Meditation",https://www.youtube.com/watch?v=RHAAhaT2kKw
NA,"Living in the Love of God | Sri Daya Mata",https://www.youtube.com/watch?v=hoXoTr7PpcI
NA,"Meditación para principiantes",https://www.youtube.com/watch?v=_5caI2rs88g
NA,"The Power of Love in Action | How-to-Live Talk With Meditation",https://www.youtube.com/watch?v=2DAIRxadlo8
NA,"Bringing God Into Our Daily Life | How-to-Live Talk With Meditation",https://www.youtube.com/watch?v=BYTkcw6uSok
NA,"What Is Kriya Yoga? | Brother Chidananda",https://www.youtube.com/watch?v=1Louhg339RQ
NA,"The Art of Introspection for God-Realization | How-to-Live Inspirational Talk",https://www.youtube.com/watch?v=KYxMO7svgPQ
NA,"Overcoming Karma: The Power of Forgiveness | How-to-Live Talk With Meditation",https://www.youtube.com/watch?v=LzL4UfIBoWA
NA,"Understanding and Attuning Ourselves to the Power of Love | How-to-Live Talk With Meditation",https://www.youtube.com/watch?v=-U1w_JgRU4I
NA,"Healing by God’s Unlimited Power | How-to-Live Talk With Meditation",https://www.youtube.com/watch?v=KiEjSQMLnG4
NA,"The Liberating Power of Affirmation | Brother Anandamoy",https://www.youtube.com/watch?v=BTutIOFVScg
NA,"Know Yourself as the Immortal Soul! | How-to-Live Talk With Meditation",https://www.youtube.com/watch?v=nkpkWlHK510
NA,"The Divine Nature of Christ | How-to-Live Talk With Meditation",https://www.youtube.com/watch?v=vbV8frnJWuE
NA,"The Second Coming of Christ: Making of a Scripture | Sri Daya Mata and Sri Mrinalini Mata",https://www.youtube.com/watch?v=Oq23a2RWZvc
NA,"How to Receive God’s Answers to Your Prayers | How-to-Live Talk With Meditation",https://www.youtube.com/watch?v=bkBC-yU8rSM
NA,"Let Us Be Thankful | Sri Daya Mata",https://www.youtube.com/watch?v=KoQZD-5L0t0
NA,"Life Energy: The Power That Heals | How-to-Live Talk With Meditation",https://www.youtube.com/watch?v=t7CPPOQo7O4
NA,"How to Manage Stress | How-to-Live Talk With Meditation",https://www.youtube.com/watch?v=dsq_nJqIB2Y
NA,"Awakening Divine Qualities Through Kriya Yoga Meditation | Brother Chidananda",https://www.youtube.com/watch?v=N2l6GE_NKDs
NA,"Regain Your Divine Heritage | How-to-Live Talk With Meditation",https://www.youtube.com/watch?v=xCsbxHj8JVo
NA,"The Quest for God: Following an Illumined Teacher | How-to-Live Talk With Meditation",https://www.youtube.com/watch?v=K2dGQ18Slhc
NA,"Thousands of Suns | Cosmic Chant by Paramahansa Yogananda",https://www.youtube.com/watch?v=DtUlxvDt93k
NA,"How to Be a Divine Friend to All | How-to-Live Talk With Meditation",https://www.youtube.com/watch?v=vAtTN-bruXc
NA,"Inner Reflections 2025 Engagement Calendar | Self-Realization Fellowship",https://www.youtube.com/watch?v=K_p-XquOrlk
NA,"Living the Spiritual Life in a Material World | How-to-Live Talk With Meditation",https://www.youtube.com/watch?v=QkfFjm8XI6A
NA,"Flooding Our Consciousness With Divine Enthusiasm | Brother Chidananda",https://www.youtube.com/watch?v=WjKp9YdRY6s
NA,"The Inner Battle Between Good and Evil | How-to-Live Talk With Meditation",https://www.youtube.com/watch?v=Ukw0br8e41c
NA,"Expanding Our Awareness of God | How-to-Live Talk With Meditation",https://www.youtube.com/watch?v=003CB_fqytw
NA,"Be a Peacemaker | How-to-Live Talk With Meditation",https://www.youtube.com/watch?v=Y_2vL8vs2Ig
NA,"The Art of Getting Along With Others | Brother Anandamoy",https://www.youtube.com/watch?v=9Ec0LDIJWd8
NA,"The Power of Spiritual Study | How-to-Live Talk With Meditation",https://www.youtube.com/watch?v=M0GolXnb_aw
NA,"Self-Analysis: Key to the Mastery of Life | How-to-Live Talk With Meditation",https://www.youtube.com/watch?v=1gJx3NZJT-U
NA,"“Like the Light From Heaven” — Remembering Life With Paramahansa Yogananda | How-to-Live Talk",https://www.youtube.com/watch?v=ZATgu_A52Ns
NA,"Morning Guided Meditation With SRF Monastic | 2024 SRF World Convocation | Day 6",https://www.youtube.com/watch?v=BLbZMZKDqDE
NA,"90-Minute Kirtan and Meditation Led by YSS Monks’ Kirtan Group | 2024 SRF World Convocation",https://www.youtube.com/watch?v=_7yyYEUds4o
NA,"Join us! | 2024 SRF World Convocation",https://www.youtube.com/watch?v=UgfCxpTag7o
NA,"The Love and Wisdom of Paramahansa Yogananda | Sri Daya Mata",https://www.youtube.com/watch?v=-GD2Y2W8b_o
NA,"You’re invited! | 2024 SRF World Convocation",https://www.youtube.com/watch?v=LyBGdIHMX1k
NA,"Discovering Our Immortal Nature | How-to-Live Talk With Meditation",https://www.youtube.com/watch?v=8Cd0KpyGbxM
NA,"Change Yourself Through Yoga | International Day of Yoga Talk and Guided Meditation",https://www.youtube.com/watch?v=cd2l4t7Hur8
NA,"Overcoming Fears and Mental Ruts: Using the Mind to Free the Mind | How-to-Live Talk With Meditation",https://www.youtube.com/watch?v=uVvo001mbg0
NA,"Taking Control of Your Life’s Destiny | How-to-Live Inspirational Talk",https://www.youtube.com/watch?v=Q6M3xbHvNaw
NA,"Do We Live One or Many Lives? | How-to-Live Talk With Meditation",https://www.youtube.com/watch?v=xqhwifE3H2Q
NA,"The Mother Aspect of God | Brother Anandamoy",https://www.youtube.com/watch?v=rqnS4by1Onk
NA,"Change Your Habits | How-to-Live Talk With Meditation",https://www.youtube.com/watch?v=jL_sUQhoEu0
NA,"The True Meaning of Salvation | How-to-Live Talk With Meditation",https://www.youtube.com/watch?v=KzxxBK6f-lU
NA,"Choosing to Be Happy | How-to-Live Talk With Meditation",https://www.youtube.com/watch?v=u-NbwY2-3ZY
NA,"Look Always to the Light | Sri Mrinalini Mata",https://www.youtube.com/watch?v=JqVVKmLw9_o
NA,"Forging Divine Consciousness in the Fires of Daily Existence | How-to-Live Inspirational Talk",https://www.youtube.com/watch?v=PihvJmpnl9M
NA,"Drawing Divine Energy From Our Oneness With God | Brother Chidananda",https://www.youtube.com/watch?v=c1NEU9XFFj0
NA,"Experiencing the Nature of the Soul | How-to-Live Talk With Meditation",https://www.youtube.com/watch?v=HW38e95147A
NA,"Growing in Faith and Unconditional Love | How-to-Live Inspirational Talk",https://www.youtube.com/watch?v=76zo-lHzLGU
NA,"The Guru Is Not Limited by the Material World | Brother Bhaktananda",https://www.youtube.com/watch?v=7Nlj1fgz5CE
NA,"The Guru Is Not Just a Teacher | Brother Anandamoy",https://www.youtube.com/watch?v=raiq8ofnvRE
NA,"The Guru Stirs in Us a Divine Longing | Sri Mrinalini Mata",https://www.youtube.com/watch?v=mmz7vji2tLA
NA,"A True Guru Guides Us From Experience | Sri Daya Mata",https://www.youtube.com/watch?v=UzHb7A0WSrE
NA,"Behind the Physical Cosmos: A World of Light and Energy | How-to-Live Talk With Meditation",https://www.youtube.com/watch?v=OjQpBanB1dg
NA,"The Way to Lasting Peace and Happiness | How-to-Live Talk With Meditation",https://www.youtube.com/watch?v=EKA8-2FNjok
NA,"“Dynamic Will Can Change Your Life” by Brother Anandamoy",https://www.youtube.com/watch?v=FkWBsufZvz8
NA,"Ways to Conquer Fear | How-to-Live Talk With Meditation",https://www.youtube.com/watch?v=01uebItkLj0
NA,"Seeing God in All People and in All Conditions | How-to-Live Inspirational Talk",https://www.youtube.com/watch?v=zzECEkiFa-Q
NA,"Opening Your Heart to God’s Presence | Sri Daya Mata",https://www.youtube.com/watch?v=kmDfAq0fEM8
NA,"Getting Acquainted With God | How-to-Live Talk With Meditation",https://www.youtube.com/watch?v=GK8qKQmneZg
NA,"The Purpose of Life | How-to-Live Talk With Meditation",https://www.youtube.com/watch?v=mvcbkCOhMrc
NA,"Celebrating Christmas in the Temple of the Soul | How-to-Live Talk With Meditation",https://www.youtube.com/watch?v=YQEOhbmHYUw
NA,"The Deeper Teachings of Jesus Christ | How-to-Live Talk With Meditation",https://www.youtube.com/watch?v=CibwA-g_Yp8
NA,"Giving Thanks for Life’s Blessings | How-to-Live Talk With Meditation",https://www.youtube.com/watch?v=lS-FITI8I7E
NA,"Living Without Fear | How-to-Live Talk With Meditation",https://www.youtube.com/watch?v=JMQqqrftYe0
NA,"The Importance of Prayer | How-to-Live Talk With Meditation",https://www.youtube.com/watch?v=D-DsiBVk4Cc
NA,"The Bhagavad Gita: Masterful Guide for Everyday Spiritual Living | Brother Chidananda",https://www.youtube.com/watch?v=Q8uZVhpjh48
NA,"Autobiografía de un yogui, de Paramahansa Yogananda, leído por Rafael Álvarez El Brujo",https://www.youtube.com/watch?v=x94uynW1tXY
NA,"Mastering Your Habits | How-to-Live Talk With Meditation",https://www.youtube.com/watch?v=2nSQUqO1jG4
NA,"Making Our Inner Relationship With God More Dynamic | How-to-Live Talk With Meditation",https://www.youtube.com/watch?v=SQQrUEHqL8o
NA,"Karma Yoga: Balancing Activity and Meditation | Sri Daya Mata",https://www.youtube.com/watch?v=eL54GQXRGvI
NA,"How to Be a Friend to All | How-to-Live Talk With Meditation",https://www.youtube.com/watch?v=ngdiOOjCo3I
NA,"How to Rise Above Pressures and Problems | How-to-Live Talk With Meditation",https://www.youtube.com/watch?v=2dpPoYz21og
NA,"A Spiritual Approach to World Peace | How-to-Live Talk With Meditation",https://www.youtube.com/watch?v=qmI3p6LlSAQ
NA,"“Kriya Yoga: Portal to the Infinite” by Brother Anandamoy",https://www.youtube.com/watch?v=eFgAGes7unk
NA,"How to Commune With God Through Devotion | How-to-Live Talk With Meditation",https://www.youtube.com/watch?v=GZpq2jsZAI4
NA,"A Spiritual Approach to Family Life | How-to-Live Talk",https://www.youtube.com/watch?v=eLZiwmPQAqA
NA,"3-Hour Meditation With Kirtan Led by SRF Monks Kirtan Group | 2023 SRF World Convocation",https://www.youtube.com/watch?v=X3kJr5B4fLE
NA,"90-Minute Kirtan Led by SRF Monks Kirtan Group | 2023 SRF World Convocation",https://www.youtube.com/watch?v=zOU35-8Abv0
NA,"90-Minute Kirtan Led by YSS Monks Kirtan Group | 2023 SRF World Convocation",https://www.youtube.com/watch?v=f3MmON2kx_M
NA,"Unraveling the Mystery of Life and Death | 2023 SRF World Convocation",https://www.youtube.com/watch?v=Sj8AWv3hSTc
NA,"3-Hour Meditation With Kirtan Led by SRF Nuns Kirtan Group | 2023 SRF World Convocation",https://www.youtube.com/watch?v=rHCBtC54AHU
NA,"All Are Welcome | SRF 2023 World Convocation",https://www.youtube.com/watch?v=XzjJqCabqgA
NA,"Join Us! | SRF 2023 World Convocation",https://www.youtube.com/watch?v=2Yih1v89ZdM
NA,"You’re Invited! | SRF 2023 World Convocation",https://www.youtube.com/watch?v=D3e6BpyWURM
NA,"A Heart Aflame — Developing a Loving Relationship With God | Sri Daya Mata",https://www.youtube.com/watch?v=Uz3_LpRdLF0
NA,"Riflessi dell’anima – Agenda 2024",https://www.youtube.com/watch?v=32AIZWe9XYY
NA,"Destellos de inspiración - Agenda fotográfica 2024",https://www.youtube.com/watch?v=ySTqQ_rTgIA
NA,"Inner Reflections 2024 Engagement Calendar",https://www.youtube.com/watch?v=J0XXJv-kjqM
NA,"How to Overcome Nervousness | How-to-Live Talk With Meditation",https://www.youtube.com/watch?v=asoB3rnpifw
NA,"The Spiritual Art of Getting Along With Others | How-to-Live Talk With Meditation",https://www.youtube.com/watch?v=JgEsmQg9UqM
NA,"Choosing to Be a Conqueror — That Is the Remedy! | Brother Chidananda",https://www.youtube.com/watch?v=O62LQLdeV6I
NA,"Workshop: Finding Spiritual Balance in Your Life | How-to-Live Inspirational Service",https://www.youtube.com/watch?v=01aa1sSOvis
NA,"Developing an Unconquerable Will | How-to-Live Inspirational Talk",https://www.youtube.com/watch?v=tgJWWDdk9yI
NA,"Guided Meditation — 2023 International Day of Yoga",https://www.youtube.com/watch?v=XPFUcXSG3Qk
NA,"Finding God in Family Life | How-to-Live Talk With Meditation",https://www.youtube.com/watch?v=fiQaPqrI4Zo
NA,"How Devotion Reveals the Invisible God | How-to-Live Talk With Meditation",https://www.youtube.com/watch?v=3ZB2Er56hAg
NA,"Self-Esteem: A Spiritual Perspective | How-to-Live Inspirational Talk",https://www.youtube.com/watch?v=8Y49dcOC3-8
NA,"What Is Salvation? | How-to-Live Talk With Meditation",https://www.youtube.com/watch?v=UZp5f8RqEkg
NA,"The Mother Aspect of God | How-to-Live Talk With Meditation",https://www.youtube.com/watch?v=zTrE7DHOd70
NA,"How to Perceive God’s Presence in the Stillness of Meditation | How-to-Live Talk With Meditation",https://www.youtube.com/watch?v=bgsVVJDDZxE
NA,"Yogananda’s “Super-Art of Living” and the Benefits of Scheduling Your Life | Brother Chidananda",https://www.youtube.com/watch?v=cy1J6DU_4A8
NA,"Creating World Unity Through Yoga Meditation | How-to-Live Talk with Meditation",https://www.youtube.com/watch?v=WmSCjqnUMpw
NA,"“The Importance of a True Guru” by Brother Anandamoy",https://www.youtube.com/watch?v=Sh9yejNuxcE
NA,"Developing Dynamic Will Power | How-to-Live Talk With Meditation",https://www.youtube.com/watch?v=4crBQ4PJXuc
NA,"The Purpose of Life | How-to-Live Talk With Meditation",https://www.youtube.com/watch?v=fQliE6UpucI
NA,"The Personal Approach to God | How-to-Live Inspirational Talk",https://www.youtube.com/watch?v=HkyTmIM0g78
NA,"Sustaining a Joyful Heart in Times of Adversity | How-to-Live Inspirational Talk",https://www.youtube.com/watch?v=Y5ajTH7f9Oc
NA,"Building Our Relationships on a Spiritual Foundation | How-to-Live Inspirational Talk",https://www.youtube.com/watch?v=AFo10vfew-4
NA,"Finding Joy in Plain Living and High Thinking | How-to-Live Talk With Meditation",https://www.youtube.com/watch?v=sekbhpqWzYM
NA,"Removing Mental Ruts With New Ways of Living | How-to-Live Inspirational Talk",https://www.youtube.com/watch?v=cXooZKVUKlA
NA,"Concentration: Key to Communion With God| How-to-Live Talk With Meditation",https://www.youtube.com/watch?v=4SIa520I89Y
NA,"Coping With Life’s Tests | Sri Mrinalini Mata",https://www.youtube.com/watch?v=g0ww8GmLsv4
NA,"The Science of Kriya Yoga | Inspirational Talk With Meditation",https://www.youtube.com/watch?v=3XPGg4Y0ObQ
NA,"Attunement With the Christ Consciousness | How-to-Live Talk With Meditation",https://www.youtube.com/watch?v=H0N5H03P6vE
NA,"The Message of Sacred Holiday Observances | Brother Chidananda",https://www.youtube.com/watch?v=sZCnSnAin68
NA,"Giving Thanks for Life’s Blessings | How-to-Live Talk With Meditation",https://www.youtube.com/watch?v=hEQikpo6X5c
NA,"Finding Your Inner Strength | How-to-Live Talk With Meditation",https://www.youtube.com/watch?v=H4vW6wU4ig8
NA,"Yama and Niyama: “How-to-Live” Skills for Inner Strength and Freedom | Brother Chidananda",https://www.youtube.com/watch?v=TiPcpoQSY5w
NA,"A World in Transition | How-to-Live Inspirational Talk | Brother Anandamoy",https://www.youtube.com/watch?v=Qhce8SDz6I8
NA,"Awakening Divine Memory | How-to-Live Talk With Meditation",https://www.youtube.com/watch?v=YTTHtRNjVq8
NA,"Bringing the Power of Joy Into Our Lives | How-to-Live Inspirational Talk",https://www.youtube.com/watch?v=4Wm-YW4KH24
NA,"Paramahansa Yogananda’s Advice About World Predictions | Brother Chidananda",https://www.youtube.com/watch?v=hpR4niszERQ
NA,"How to Find Peace in Today’s World | How-to-Live Talk With Meditation",https://www.youtube.com/watch?v=_M4hZwYp-eM
NA,"The Yoga Sadhana That Brings God’s Love and Bliss | Sri Mrinalini Mata",https://www.youtube.com/watch?v=xUq1DQPLHRg
NA,"Guided Meditation on Paramahansa Yogananda’s “A Prayer for Peace on Earth”",https://www.youtube.com/watch?v=mlRppRkf_xI
NA,"Inner Reflections 2023 Engagement Calendar",https://www.youtube.com/watch?v=vFJBEbxpRzI
NA,"Spiegelbilder der Seele — 2023 Terminkalender",https://www.youtube.com/watch?v=zQ5r6mWGY00
NA,"Riflessi dell’anima – Agenda 2023",https://www.youtube.com/watch?v=0OEL_zOOGBk
NA,"Destellos de inspiración - Agenda fotográfica 2023",https://www.youtube.com/watch?v=fdueSm8sXmI
NA,"The Teachings of Paramahansa Yogananda — SRF/YSS App",https://www.youtube.com/watch?v=u9rCXVveXLU
NA,"AWAKE: The Life of Yogananda - Theatrical Trailer",https://www.youtube.com/watch?v=V41OZc7zLxs
NA,"SRF Monks Kirtan With Meditation (3-hr) | 2022 SRF World Convocation",https://www.youtube.com/watch?v=HQ15OsJDLUc
NA,"SRF Monks Kirtan (90-min) | 2022 SRF World Convocation",https://www.youtube.com/watch?v=ZByeSewxIpM
NA,"SRF Nuns Kirtan With Meditation (3-hr) | 2022 SRF World Convocation",https://www.youtube.com/watch?v=dmnfG6xk0yg
NA,"You’re Invited to the 2022 SRF Convocation  — August 14–20 | The Teachings of Paramahansa Yogananda",https://www.youtube.com/watch?v=McoYnazgon8
NA,"Cultivating the Divine Qualities That Lead to Self-realization | How-to-Live Inspirational Talk",https://www.youtube.com/watch?v=BlacVjqFMPE
NA,"The Importance of Developing Evenmindedness | How-to-Live Talk With Meditation",https://www.youtube.com/watch?v=DQJBGozjq1U
NA,"A Blessing From Mahavatar Babaji | Sri Daya Mata",https://www.youtube.com/watch?v=B7pimil_1E4
NA,"Creating a Meaningful Personal Relationship With God | How-to-Live Inspirational Talk",https://www.youtube.com/watch?v=dIeBGqAWfKg
NA,"Living With a Positive and Joy-Filled Attitude | How-to-Live Inspirational Talk",https://www.youtube.com/watch?v=QjGpFIWgX4I
NA,"How to Improve Your Attention and Concentration | Talk With Meditation",https://www.youtube.com/watch?v=FjfJBegLd_o
NA,"What Is Yoga, Truly? | 8th UN International Day of Yoga | Talk With Guided Meditation",https://www.youtube.com/watch?v=ZUk2wJQyUlM
NA,"Scientific Healing by God’s Infinite Cosmic Energy | How-to-Live Talk With Meditation",https://www.youtube.com/watch?v=aeIKk7KtXG8
NA,"Discovering the Lasting Happiness of Your Soul | How-to-Live Talk With Meditation",https://www.youtube.com/watch?v=sNtBnRTknAs
NA,"Attuning Our Lives With God’s Plan | Brother Chidananda",https://www.youtube.com/watch?v=QnIMMaYGIf4
NA,"Ways to Conquer Fear | How-to-Live Talk With Meditation",https://www.youtube.com/watch?v=uwYA_v9I_Gs
NA,"Controlling the Power of Habits | How-to-Live Talk With Meditation",https://www.youtube.com/watch?v=IK7N3-LIWoA
NA,"The Caring Heart of Divine Mother | How-to-Live Talk With Meditation",https://www.youtube.com/watch?v=Smrkwa-TQ-Y
NA,"Guided Meditation on Paramahansa Yogananda’s Chant “In the Temple of Silence” | Brother Chidananda",https://www.youtube.com/watch?v=MJR06v8qakg
NA,"Love — Human and Divine | How-to-Live Talk With Meditation",https://www.youtube.com/watch?v=hKfUf8gxd0U
NA,"What Is Truth? | How-to-Live Talk With Meditation",https://www.youtube.com/watch?v=pFJqxfV5cmw
NA,"Meditazione per principianti",https://www.youtube.com/watch?v=bY-vUcZw6OY
NA,"Meditação para Principiantes",https://www.youtube.com/watch?v=omOStsZ1LMg
NA,"Spiritualizing Family Life | How-to-Live Talk with Meditation",https://www.youtube.com/watch?v=WbCZn3FUzNA
NA,"Christ Consciousness – The Goal for Each One of Us | Brother Chidananda",https://www.youtube.com/watch?v=Tw7ILifQ11U
NA,"Uniting Our Will With God’s Infinite Power | How-to-Live Talk with Meditation",https://www.youtube.com/watch?v=77_Kbg1iclk
NA,"Creating Your Spiritual Environment | Brother Anandamoy",https://www.youtube.com/watch?v=PaNngy76hK4
NA,"Become Fearless – Center Your Life in God | How-to-Live Inspirational Talk",https://www.youtube.com/watch?v=OiXMC-HRkq4
NA,"Living With Gratitude | How-to-Live Talk with Meditation",https://www.youtube.com/watch?v=jqJHgH798_E
NA,"The Final Days of Paramahansa Yogananda - A Talk by Sri Daya Mata (Third President of SRF/YSS)",https://www.youtube.com/watch?v=2G9i65RmG50
NA,"Overcoming Nervousness | How-to-Live Talk with Meditation",https://www.youtube.com/watch?v=4UAJLtvrdhU
NA,"Loyalty — Highest Law for Spiritual Success | How-to-Live Talk with Meditation",https://www.youtube.com/watch?v=uyR4GpolmfE
NA,"Guided Meditation on Your True Self | SRF World Convocation",https://www.youtube.com/watch?v=0RGtyRIVr0o
NA,"Cultivating Faith and Inner Strength in Today’s World | How-to-Live Talk with Meditation",https://www.youtube.com/watch?v=hcWLrxTq1GU
NA,"Hearing the Voice of Conscience Within You | How-to-Live Talk with Meditation",https://www.youtube.com/watch?v=y_TAJpivxAw
NA,"Guided Meditation on Expanding Love from Paramahansa Yogananda",https://www.youtube.com/watch?v=DIpPHK3c9fA
NA,"Expanding Our Love for Others and for God (How-to-Live Inspirational Talk)",https://www.youtube.com/watch?v=dv1vVf-Txp4
NA,"How to Live a God-Oriented Life | How-to-Live Talk with Meditation",https://www.youtube.com/watch?v=Ov1QaitKkjM
NA,"Achieving Your Material and Spiritual Goals | Brother Chidananda",https://www.youtube.com/watch?v=YfeCVRqwa9Q
NA,"Paramahansa Yogananda: A World Teacher | A talk by Brother Anandamoy",https://www.youtube.com/watch?v=bcPWdJ_ImKY
NA,"2021 New Year’s Eve Meditation | Self-Realization Fellowship",https://www.youtube.com/watch?v=GwnpZtOGhyI
NA,"Let Every Day Be Christmas | Sri Daya Mata",https://www.youtube.com/watch?v=Mgd-taUnWtI
NA,"Guided Meditation on Anchoring Yourself in Calmness",https://www.youtube.com/watch?v=uCXtMNyYQMo
NA,"How to Develop Dynamic Will Power | How-to-Live Inspirational Talk with Meditation",https://www.youtube.com/watch?v=pj_guKnwJh8
NA,"Seeing God in Everyone | How-to-Live Inspirational Talk",https://www.youtube.com/watch?v=hF1QsEWao-0
NA,"Service — The Power of Love in Action | How-to-Live Talk with Meditation",https://www.youtube.com/watch?v=1jcGyNNwU_Q
NA,"Are We Letting Life’s Circumstances Control Us? | How-to-Live Inspirational Service",https://www.youtube.com/watch?v=9qwYncFCr6Y
NA,"Living a Balanced Life in a Complex World | How-to-Live Talk with Meditation",https://www.youtube.com/watch?v=2u88zVGtqgU
NA,"Faith — A Cornerstone of Spiritual Living | How-to-Live Inspirational Service",https://www.youtube.com/watch?v=4ikMXCq83Y0
NA,"“Embraced in God’s Love — The Guru-Disciple Relationship” | How-to-Live Inspirational Service",https://www.youtube.com/watch?v=0tBwwYPbmJ0
NA,"“There Is No Death” | Talk with Guided Meditation",https://www.youtube.com/watch?v=xJ-bPKaOFI0
NA,"Awakening the Spine Through Kriya Yoga | Brother Chidananda",https://www.youtube.com/watch?v=fna7IbLoGJo
NA,"Change Your Thoughts — Change Your Life | How-to-Live Inspirational Service",https://www.youtube.com/watch?v=_R3w08OjzJQ
NA,"Dharma — The Path of Virtue That Leads to God | How-to-Live Inspirational Service",https://www.youtube.com/watch?v=6KVDM4n3uz4
NA,"Guided Meditation on "The Flame of Divine Love" - A Visualization from Paramahansa Yogananda",https://www.youtube.com/watch?v=B8XnfZ4oPCM
NA,"Guided Meditation on Making a “Soul Call” to the Divine",https://www.youtube.com/watch?v=s_xVfuDSRGg
NA,"Guided Meditation on Inner Peace from Paramahansa Yogananda",https://www.youtube.com/watch?v=zQ2mImvrZxg
NA,"Overcoming “Soul Fog” Through Kriya Yoga | Brother Chidananda",https://www.youtube.com/watch?v=GnCNvDQcKvk
NA,"Living With Purpose in God’s Dream Show of Creation | 2021 SRF World Convocation",https://www.youtube.com/watch?v=PUV0Rt6pMLk
NA,"The Life- and World-Changing Power of Prayer | 2021 SRF World Convocation",https://www.youtube.com/watch?v=F7UWN6PV4aI
NA,"90-minute Kirtan | SRF Monks Kirtan Group | 2021 SRF World Convocation",https://www.youtube.com/watch?v=bfm-tNWlnrk
NA,"Kriya Yoga — Sacred Science of God-Realization | 2021 SRF World Convocation",https://www.youtube.com/watch?v=Nrg4MfLobRU
NA,"God’s Unconditional Love and Friendship Through the Guru | 2021 SRF World Convocation",https://www.youtube.com/watch?v=215o8XsAqWA
NA,"Introspection — Exploring the Workings of Your Inner Self | 2021 SRF World Convocation",https://www.youtube.com/watch?v=tOLzafXcN4U
NA,"Three-hour Meditation With Kirtan | SRF Nuns Kirtan Group | 2021 SRF World Convocation",https://www.youtube.com/watch?v=q39wN3PxiO8
NA,"Meditation — A Journey to Spiritual Freedom | 2021 SRF World Convocation",https://www.youtube.com/watch?v=u5UUuY4roBM
NA,"Building a Spiritual Foundation for the Young Seeker | 2021 SRF World Convocation",https://www.youtube.com/watch?v=XFIAvMkUxgA
NA,"Kirtan With YSS Monks at Paramahansa Yogananda Smriti Mandir | 2021 SRF World Convocation",https://www.youtube.com/watch?v=Vt1VNmSDw0Y
NA,"Living Devotionally in the Presence of God | 2021 SRF World Convocation",https://www.youtube.com/watch?v=ClKigY4_H7M
NA,"Satsanga (Questions and Answers) | 2021 SRF World Convocation",https://www.youtube.com/watch?v=9DBLf9anNlM
NA,"Three-hour Meditation With Kirtan | SRF Monks Kirtan Group | 2021 SRF World Convocation",https://www.youtube.com/watch?v=xn55kzo23d8
NA,"Being a Spiritual Seeker in Today’s Complex World | 2021 SRF World Convocation",https://www.youtube.com/watch?v=aJe0d1Bhugs
NA,"Living the Vision of Autobiography of a Yogi | 2021 SRF World Convocation",https://www.youtube.com/watch?v=U0-C7CQcHyU
NA,"How to Get the Most Out of Convocation to Transform Your Life | 2021 SRF World Convocation",https://www.youtube.com/watch?v=H2tBk0gCjWk
NA,"Spiritualizing Our Relationships | How-to-Live Inspirational Talk",https://www.youtube.com/watch?v=pA7AdKC9wzM
NA,"The Unconditional Love of a True Guru (How-to-Live Inspirational Talk)",https://www.youtube.com/watch?v=LbtXaWT8czs
NA,"Receiving God’s Response in the Silence of Meditation | How-to-Live Inspirational Talk",https://www.youtube.com/watch?v=cb8bsD3VAek
NA,"How to Spiritualize Your Everyday Experiences | How-to-Live Talk with Guided Meditation",https://www.youtube.com/watch?v=TSrLraBnRAE
NA,"In the Embrace of the Divine Mother | Brother Chidananda",https://www.youtube.com/watch?v=n99CCcuRQks
NA,"Destellos de inspiración - Agenda fotográfica 2022",https://www.youtube.com/watch?v=519r-Nzz8I0
NA,"Spiritual Generosity — The Art of Selflessly Helping Others | How-to-Live Inspirational Talk",https://www.youtube.com/watch?v=j6uqw-eh25c
NA,"Spiegelbilder der Seele — 2022 Terminkalender",https://www.youtube.com/watch?v=5eeiUlSwoFk
NA,"Riflessi dell’anima – Agenda 2022",https://www.youtube.com/watch?v=WXnqCliHi4Y
NA,"Inner Reflections 2022 Engagement Calendar",https://www.youtube.com/watch?v=Yf0M825TK58
NA,"Remembering Who You Really Are — The Soul | How-to-Live Talk with Guided Meditation",https://www.youtube.com/watch?v=shJDh0DrwrQ
NA,"Meditazione guidata con Brother Tyagananda | Giornata Internazionale dello Yoga",https://www.youtube.com/watch?v=mAN13n0xImw
NA,"Yoga — Uniting Our World Family | 7th UN International Day of Yoga | Talk with Guided Meditation",https://www.youtube.com/watch?v=wTj0C9H-vdk
NA,"Meditação dirigida, por Irmã Bhavani | Dia Internacional da Yoga",https://www.youtube.com/watch?v=rK91ccqYIjA
NA,"Geleitete Meditation mit Bruder Nikhilananda | Internationalen Tages des Yoga",https://www.youtube.com/watch?v=8H_xuXkBJBw
NA,"Meditación guiada con el Hermano Ekananda | Día Internacional del Yoga",https://www.youtube.com/watch?v=4hUnVaHV8FU
NA,"Living Fearlessly — Overcoming the Causes of Stress and Worry | How-to-Live Inspirational Talk",https://www.youtube.com/watch?v=pR_BAHZpvMs
NA,"Introspection — Key to Self-Discovery | How-to-Live talk with guided meditation",https://www.youtube.com/watch?v=9iDf6vpn8rE
NA,"Life’s Challenges - Opportunities for Spiritual Progress | How-to-Live Inspirational Talk",https://www.youtube.com/watch?v=gzv7fjbO7gk
NA,"Faith — Learning to Express the Unerring Intuition Within Us | How-to-Live Inspirational Talk",https://www.youtube.com/watch?v=IVaQZIue-Pc
NA,"A Spirit of Renewal and Joy | How-to-Live Talk with Guided Meditation",https://www.youtube.com/watch?v=ka99FIIyBfI
NA,"“I am castled in God’s presence…” | Brother Chidananda leads an affirmation by Yogananda",https://www.youtube.com/watch?v=xghFntmsTjQ
NA,"The Cosmic Mystery of Karma and Reincarnation | How-to-Live Inspirational Talk",https://www.youtube.com/watch?v=2Q-Ln683IAs
NA,"Living in Constant Remembrance of God | How-to-Live Talk with Guided Meditation",https://www.youtube.com/watch?v=Te-P4LmWMfY
NA,"Becoming Humble Bearers of Light | How-to-Live Inspirational Talk",https://www.youtube.com/watch?v=fhu-WdJoR_0
NA,"Prayer — Embracing Our World With Compassion and Understanding",https://www.youtube.com/watch?v=p_o5vcCKhIk
NA,"Forgiveness—Experiencing the Compassion of God",https://www.youtube.com/watch?v=zq9ryh2_Nb8
NA,"Deepen Your Meditations—Let Go of the Drama | Guided meditation and inspirational talk",https://www.youtube.com/watch?v=er2JvYgRW2c
NA,"Keep On Keeping On, Taking God With You | Brother Achalananda",https://www.youtube.com/watch?v=FuLTmV4UMDc
NA,"Opening Our Hearts and Minds to the Guru",https://www.youtube.com/watch?v=4mt8JL2EkLY
NA,"Neuroplasticity and the Yoga Science of Meditation | Brother Chidananda",https://www.youtube.com/watch?v=7XbtxFn00QQ
NA,"Satsanga on Nurturing a Personal Relationship With God",https://www.youtube.com/watch?v=mddTc3GI_no
NA,"Your Thoughts Can Change Your Life | Brother Anandamoy",https://www.youtube.com/watch?v=P7jeX5MyR3I
NA,"Guided Meditation: Transmuting Power of the Spiritual Eye | Brother Chidananda",https://www.youtube.com/watch?v=We92WB7ArXk
NA,"Yoga and the Steps to Unconditional Love",https://www.youtube.com/watch?v=QAJOfn_cBAs
NA,"Developing a Moment-to-Moment Relationship With God | How-to-Live Inspirational Series",https://www.youtube.com/watch?v=oRc2SdEdG8g
NA,"Kriya Yoga: Universal Science of God-Realization | Brother Anandamoy",https://www.youtube.com/watch?v=tZNNSZSku6Q
NA,"City of Los Angeles Honors Self-Realization Fellowship’s Centennial",https://www.youtube.com/watch?v=VIYeJ41DOdU
NA,"Guru and Disciple: An Eternal Covenant of Love | Brother Bhaktananda",https://www.youtube.com/watch?v=Gqs0vKbwT3E
NA,"Paramahansa Yogananda’s Immortal Message: Celebrating a Beloved World Teacher",https://www.youtube.com/watch?v=QeOgOyL6F08
NA,"Giving Thanks for Life’s Blessings: Attitudes of a Yogi | Guided Meditation and Inspirational Talk",https://www.youtube.com/watch?v=DAQjZnz8xx0
NA,"Prayer: Trusting God in Every Circumstance | Mukti Mata",https://www.youtube.com/watch?v=jrM1TB1F5t4
NA,"How You Can Talk With God | How-to-Live Inspirational Service",https://www.youtube.com/watch?v=qlGG0f9DczE
NA,"Cultivating Deeper Faith | How-to-Live Inspirational Service",https://www.youtube.com/watch?v=xBNYFdU8skA
NA,"Spiritual Happiness (Tapping Into the Soul’s Storehouse of Love, Peace, and Joy)",https://www.youtube.com/watch?v=GPqp6Pwz7iQ
NA,"Experiencing God Within | Brother Anandamoy",https://www.youtube.com/watch?v=axJ9zXVdiEM
NA,"Cultivating Spiritual Enthusiasm (How-to-Live Inspirational Service)",https://www.youtube.com/watch?v=VaLujQtwicY
NA,"Paramahansa Yogananda’s Concept of Freedom | Brother Chidananda",https://www.youtube.com/watch?v=ac5uKQsdbsY
NA,"A Promise of Light | Sri Daya Mata",https://www.youtube.com/watch?v=bW3hyJWpuRE
NA,"Life in the Ashram (SRF Nuns) | 2020 SRF Online World Convocation",https://www.youtube.com/watch?v=h5MOTb04Y5Q
NA,"Life in the Ashram (SRF Monks) | 2020 SRF Online World Convocation",https://www.youtube.com/watch?v=M0ACLO0wae8
NA,"Satsanga (Questions and Answers) | 2020 SRF Online World Convocation",https://www.youtube.com/watch?v=4jEm748Q9Wo
NA,"How Teens Can Live With Courage and Inner Assurance in Today’s World | 2020 SRF World Convocation",https://www.youtube.com/watch?v=NsDBCD0utWc
NA,"“At the Feet of the Guru”— Studying the New SRF Lessons | 2020 SRF Online World Convocation",https://www.youtube.com/watch?v=zox8ZTFb6VI
NA,"Riflessi dell’anima – Agenda 2021",https://www.youtube.com/watch?v=gkR0pdYujY0
NA,"Spiegelbilder der Seele — 2021 Terminkalender",https://www.youtube.com/watch?v=awy9MmlNiAM
NA,"Harnessing the Power of the Mind | How-to-Live Inspirational Service",https://www.youtube.com/watch?v=5jAkDBpNui0
NA,"Destellos de inspiración - Agenda fotográfica 2021",https://www.youtube.com/watch?v=ow1Aki_bxOs
NA,"The Guru—Guide to Eternal Freedom | How-to-Live Inspirational Series",https://www.youtube.com/watch?v=SkoXhqS8wnM
NA,"Inner Reflections 2021 Engagement Calendar",https://www.youtube.com/watch?v=-z6u9xfCUZQ
NA,"The Secrets of Spiritual Progress | How-to-Live Inspirational Series",https://www.youtube.com/watch?v=babd9bYYcLw
NA,"The Cosmic Motion Picture | How-to-Live Inspirational Service",https://www.youtube.com/watch?v=68ghbMwfeBQ
NA,"Perseverance: Secret of Spiritual Success | How-to-Live Inspirational Series",https://www.youtube.com/watch?v=JFWn8wAuEms
NA,"Kriya Yoga: Science of Spiritual Living for the Modern Age | How-to-Live Inspirational Service",https://www.youtube.com/watch?v=XB9WRTcFlow
NA,"True Devotion: Living in God’s Presence Moment to Moment | How-to-Live Inspirational Service",https://www.youtube.com/watch?v=WQI6LwVQQvg
NA,"Finding a Unity Deeper Than Race, Color, or Creed | SRF/YSS President Brother Chidananda",https://www.youtube.com/watch?v=a56Iq9GonTI
NA,"Finding Spiritual Balance in Your Life | How-to-Live Inspirational Service",https://www.youtube.com/watch?v=hVRZTyiaJfE
NA,"The Liberating Power of Affirmation | How-to-Live Inspirational Service",https://www.youtube.com/watch?v=B1-lE46owck
NA,"Taking Shelter in God | How-to-Live Inspirational Service",https://www.youtube.com/watch?v=LJApmDERNvE
NA,"God’s Nature in the Mother | How-to-Live Inspirational Service",https://www.youtube.com/watch?v=bjx3A66PjV8
NA,"A Pranayama Technique Given by Paramahansa Yogananda for Controlling Emotions | Brother Chidananda",https://www.youtube.com/watch?v=FP-dNd1xTcs
NA,"Facing Life’s Challenges With Courage and Faith | How-to-Live Inspirational Service",https://www.youtube.com/watch?v=LUWzK3dqlqg
NA,"Rediscovering Your Higher Self | How-to-Live Inspirational Service",https://www.youtube.com/watch?v=7lIv4ioyATg
NA,"Practice of Yogananda’s Healing Technique | SRF President Brother Chidananda",https://www.youtube.com/watch?v=rl4ULW_OgtQ
NA,"Strengthening Character by Developing Spiritual Courage and Endurance | A talk by Brother Chidananda",https://www.youtube.com/watch?v=QNx_E4yoo4Y
NA,"A Meditation Led by Brother Chidananda | A Message of Spiritual Assurance",https://www.youtube.com/watch?v=0MytX8wcyWg
NA,"“My Life Has Changed Dramatically Since I Started on the Spiritual Path” | SRF",https://www.youtube.com/watch?v=RGEzJoBddJg
NA,"A Promising Vision for the Future: Yogananda’s “Aims and Ideals”",https://www.youtube.com/watch?v=UNKYdnxFCF8
NA,"A Joy That Increases With the Years | Give Me Thy Heart: The Life of SRF Nuns in Yogananda’s Ashrams",https://www.youtube.com/watch?v=4ltqK1A6kTA
NA,"In the Spirit of Pilgrimage | A Centennial Celebratory Procession",https://www.youtube.com/watch?v=TTvHcpyp4eQ
NA,"Finding Complete Fulfillment in God | Sri Daya Mata",https://www.youtube.com/watch?v=RQ3mY-imSiI
NA,"Commemorating Mahatma Gandhi, the “Simple Saint of Truth”",https://www.youtube.com/watch?v=0cOovaflQU0
NA,"Brother Chidananda Departs for India, October, 2019",https://www.youtube.com/watch?v=RCj1eDzNxDU
NA,"Brother Chidananda Announces New Online Meditation Center",https://www.youtube.com/watch?v=N20enydosZQ
NA,"Brother Chidananda Announces New Lay Member Initiative",https://www.youtube.com/watch?v=kUzI0W_JW7I
NA,"How to Spiritualize Your Actions by Brother Anandamoy",https://www.youtube.com/watch?v=0vLwGtCl4kY
NA,"2019 SRF Summer Day Program",https://www.youtube.com/watch?v=j0oYz1Ip4Ho
NA,"Inner Reflections 2020 Engagement Calendar",https://www.youtube.com/watch?v=t-NhxR5A8_k
NA,"Spiegelbilder der Seele — 2020 Terminkalender",https://www.youtube.com/watch?v=9BUDYHFG9-k
NA,"Destellos de inspiración – Agenda fotográfica 2020",https://www.youtube.com/watch?v=pE3iJRO6TN0
NA,"Riflessi dell’anima – Agenda 2020",https://www.youtube.com/watch?v=2H6mGPLfnTQ
NA,"Guided Meditation on Living Fearlessly",https://www.youtube.com/watch?v=tZnz27YjwIY
NA,"Guided Meditation on Expansion of Consciousness",https://www.youtube.com/watch?v=IGdWdIE5aDk
NA,"Excerpts From the Launch Event for the New Edition of the Self-Realization Fellowship Lessons",https://www.youtube.com/watch?v=SRRgX91jDZ4
NA,"Meditation and Spiritual Life: Experiences of SRF Members",https://www.youtube.com/watch?v=EKqqjOTnGkc
NA,"A Beginner's Meditation",https://www.youtube.com/watch?v=9_TxV8hZddg
NA,"Launch Event for the New Edition of the Self-Realization Fellowship Lessons",https://www.youtube.com/watch?v=PQXOl2XbjSo
NA,"Update on New Edition of SRF Lessons",https://www.youtube.com/watch?v=HXRIPPfydkQ
NA,"November 2018 Message from Brother Chidananda",https://www.youtube.com/watch?v=b4s24h5OB9Y
NA,"Overcoming Negativity in Today’s World",https://www.youtube.com/watch?v=LIqUNgvJlD4
NA,"Guided Meditation on Creating an Inner Environment for Success",https://www.youtube.com/watch?v=LDl7nK2QUrg
NA,"Summer Day Program 2018—Boys Week",https://www.youtube.com/watch?v=ePYtHszT5Yw
NA,"Summer Day Program 2018—Girls Week",https://www.youtube.com/watch?v=hNYZEiZXoLM
NA,"How Can My Prayers Help Others? | Sri Daya Mata",https://www.youtube.com/watch?v=SsrqB_GwE-8
NA,"Destellos de inspiración - Agenda fotográfica 2019",https://www.youtube.com/watch?v=4mEsIsmuvDA
NA,"Inner Reflections 2019 Engagement Calendar",https://www.youtube.com/watch?v=X2qvYDt8DQs
NA,"Spiegelbilder der Seele; Terminkalender 2019",https://www.youtube.com/watch?v=VBahh4fT0pA
NA,"Spiegelbilder der Seele; Terminkalender 2018",https://www.youtube.com/watch?v=pqkmBlyLtuw
NA,"In Heartfelt Gratitude: Supporting the Guru’s Mission Together",https://www.youtube.com/watch?v=d1vxth99YVA
NA,"“O God Beautiful”: Sankirtan Led by SRF Nuns",https://www.youtube.com/watch?v=EagI2JWoc6Q
NA,"“Satchidananda Guru”: Sankirtan Led by SRF Nuns",https://www.youtube.com/watch?v=S90HpO5hmNw
NA,"“Light the Lamp of Thy Love”: Sankirtan Led by SRF Monks",https://www.youtube.com/watch?v=4eWwJmUvtqc
NA,"“He Bhagavan”: Sankirtan Led by SRF Monks",https://www.youtube.com/watch?v=A7NX02ijXRY
NA,"“Sri Guru Sharanam”: Sankirtan Led by SRF Nuns",https://www.youtube.com/watch?v=fB0mm0Br4TY
NA,"“Thousands of Suns”: Sankirtan Led by SRF Nuns",https://www.youtube.com/watch?v=RsuS2shJvDU
NA,"“Sundara Laalaa” by Brahmacharini Mirabai",https://www.youtube.com/watch?v=JKOnakggcV4
NA,"“Jai Guru”: Sankirtan Led by SRF Nuns",https://www.youtube.com/watch?v=jrBXmH1Ubhc
NA,"“Will That Day Come to Me, Mother?”: Sankirtan Led by SRF Nuns",https://www.youtube.com/watch?v=UrNz_KScfoc
NA,"Finding Joy in Seeking God Together | Give Me Thy Heart: The Life of SRF Monks",https://www.youtube.com/watch?v=8T_gBpCHHPQ
NA,"Self-Realization Fellowship “How-to-Live” Summer Day Program for Youth, 2017",https://www.youtube.com/watch?v=hopOOqHmeyM
NA,"Experiencing the Unconditional Love of God | Sri Daya Mata",https://www.youtube.com/watch?v=9CIbB3Rf5nY
NA,"God Talks With Arjuna, Hindi Translation Release",https://www.youtube.com/watch?v=hmRlIprAY2Q
NA,"Understanding Karma by Brother Anandamoy",https://www.youtube.com/watch?v=7BGXIKp3RWk
NA,"Paramahansa Yogananda’s 125th Birthday – A Special Message From Brother Chidananda",https://www.youtube.com/watch?v=H7DBUDuje_s
NA,"The Spiritual Benefits of Simplicity | Brother Bhaktananda",https://www.youtube.com/watch?v=a7K2VVeDRqU
NA,"Celebrating 100 years of Yogoda Satsanga Society of India (1917-2017)",https://www.youtube.com/watch?v=Hc9ThyHB4oc
NA,"Paramahansa Yogananda: “The Teachings Will Be the Guru” | Sri Mrinalini Mata",https://www.youtube.com/watch?v=tWZJ4LNjwPk
NA,"YSS Smriti Mandir Dedication With Brother Anandamoy",https://www.youtube.com/watch?v=vBAaK0TZWCQ
NA,"Paramahansa Yogananda's Great Samadhi of 1948 | Sri Mrinalini Mata",https://www.youtube.com/watch?v=R7YemF9QJFU
NA,"Self-Realization Fellowship Announces Major Enhancement & Expansion of SRF/YSS Lessons",https://www.youtube.com/watch?v=UTh8xAtLHko
NA,"Inner Reflections 2018 Engagement Calendar",https://www.youtube.com/watch?v=YprCg0hMKzY
NA,"Destellos de inspiración - Agenda fotográfica 2018",https://www.youtube.com/watch?v=k8FHX8G-Zow
NA,"Learn to Meditate: Part 4 - Prayer and Meditation",https://www.youtube.com/watch?v=d8KtA9_1ibg
NA,"Learn to Meditate: Part 3 - Beginning a Meditation",https://www.youtube.com/watch?v=noqN-su1X6c
NA,"Learn to Meditate: Part 2 - The Attention",https://www.youtube.com/watch?v=1ucjRAnGSMo
NA,"Learn to Meditate: Part 1 - Correct Posture",https://www.youtube.com/watch?v=JytGRfZ0KVQ
NA,"Learn to Meditate: Part 5 - The Benefits of Meditation",https://www.youtube.com/watch?v=dhPwYVqg3Uw
NA,"Inspiration for Spiritualizing Family Life | Sri Daya Mata",https://www.youtube.com/watch?v=rghY0MRwbYo
NA,"Self-Realization Fellowship “How-to-Live” Summer Day Program for Youth, 2016",https://www.youtube.com/watch?v=pQiaX2FNROA
NA,"Méditation guidée de la Self-Realization Fellowship sur l’expansion de l’amour",https://www.youtube.com/watch?v=URXVUF-h2s4
NA,"Méditation guidée de la Self-Realization Fellowship sur la paix",https://www.youtube.com/watch?v=knY99YCjzFQ
NA,"Méditation guidée de la Self-Realization Fellowship sur Dieu en tant que Lumière",https://www.youtube.com/watch?v=bnDHiINKy4M
NA,"Introduction aux méditations guidées",https://www.youtube.com/watch?v=4b-KTDCsFdw
NA,"Meditazione guidata della Self-Realization Fellowship su: espandere l’amore",https://www.youtube.com/watch?v=lNDx9GUjTns
NA,"Meditazione guidata della Self-Realization Fellowship sulla Pace",https://www.youtube.com/watch?v=bBizn6oL-bQ
NA,"Introduzione alle meditazioni guidate",https://www.youtube.com/watch?v=qjr0dB_ooYo
NA,"Meditazione guidata della Self-Realization Fellowship su Dio come Luce",https://www.youtube.com/watch?v=_ltmfglNgE0
NA,"Meditação dirigida da Self-Realization Fellowship sobre Deus como Luz",https://www.youtube.com/watch?v=ygW-sWqDvnM
NA,"Meditação dirigida da Self-Realization Fellowship sobre a Expansão do Amor",https://www.youtube.com/watch?v=KXAqLQBpEKc
NA,"Meditação dirigida da Self-Realization Fellowship sobre a Paz",https://www.youtube.com/watch?v=U693t99qf8U
NA,"Introdução às meditações dirigidas",https://www.youtube.com/watch?v=j7Iazig2xvY
NA,"Autobiographie eines Yogi gelesen von  Robert Atzorn",https://www.youtube.com/watch?v=Wgy3cJ9ptRc
NA,"Autobiografia di uno Yogi letta da Norman Mozzato",https://www.youtube.com/watch?v=ii6gX29XZn4
NA,"Meditación guiada de Self-Realization Fellowship sobre Dios como luz",https://www.youtube.com/watch?v=2FluVtcKOro
NA,"Meditación guiada de Self-Realization Fellowship sobre expandir el amor",https://www.youtube.com/watch?v=TFJYs59AJwQ
NA,"Meditación guiada de Self-Realization Fellowship sobre la paz",https://www.youtube.com/watch?v=lmo9EPCGymk
NA,"Introducción a las meditaciones guiadas",https://www.youtube.com/watch?v=q7qiBaRCRjk
NA,"Einführung in die geleiteten Meditationen",https://www.youtube.com/watch?v=MwcKgyE9sW0
NA,"Introduction to Guided Meditations",https://www.youtube.com/watch?v=Gqj5Mqu-lF4
NA,"Autobiography of a Yogi Read by Academy Award-winner Sir Ben Kingsley",https://www.youtube.com/watch?v=p6ExDsoA6Zk
NA,"Geführte Meditation der Self-Realization Fellowship über die »Erweiterung der Liebe«",https://www.youtube.com/watch?v=RRz7lWA7blA
NA,"Geführte Meditation der Self-Realization Fellowship über »Gott als Licht«",https://www.youtube.com/watch?v=Mt0NFL5syt8
NA,"Geführte Meditation der Self-Realization Fellowship über »Frieden«",https://www.youtube.com/watch?v=5HmytO8JPkQ
NA,"Paramahansa Yogananda on the Dream-Nature of the World",https://www.youtube.com/watch?v=v6WX4LXOyZU
NA,"Paramahansa Yogananda on Kriya Yoga — The Greatest Proof of God",https://www.youtube.com/watch?v=aHPNZdAFLdA
NA,"Paramahansa Yogananda on Kriya Yoga — The Key to Heaven",https://www.youtube.com/watch?v=7MuoGZ0yx20
NA,"Paramahansa Yogananda on Thinking of Nothing But God for One Day",https://www.youtube.com/watch?v=ZXPdmWX8VB4
NA,"Paramahansa Yogananda on Finding Happiness Within",https://www.youtube.com/watch?v=l2KMm9mxTFo
NA,"Paramahansa Yogananda on Karma",https://www.youtube.com/watch?v=NShLqqJNBKQ
NA,"Paramahansa Yogananda on How to Destroy Suffering by Its Roots",https://www.youtube.com/watch?v=rdc5khxI0Hw
NA,"Paramahansa Yogananda on Loving God",https://www.youtube.com/watch?v=krd41uFL2s4
NA,"Guided Meditation on God as Light | Self-Realization Fellowship",https://www.youtube.com/watch?v=8uudA4w7e9M
NA,"Brother Anandamoy Memorial Service",https://www.youtube.com/watch?v=eLfDGUiw0y4
NA,"Spiegelbilder der Seele; Terminkalender 2017",https://www.youtube.com/watch?v=0QNvsR_-d-0
NA,"Destellos de inspiración - Agenda fotográfica 2017",https://www.youtube.com/watch?v=SzyFOSp2FAw
NA,"Inner Reflections 2017 Engagement Calendar",https://www.youtube.com/watch?v=yvHQF0mpwzo
NA,"Guided Meditation on Peace | Self-Realization Fellowship",https://www.youtube.com/watch?v=TnP9PeHbvTM
NA,"Guided Meditation on Expanding Love | Self-Realization Fellowship",https://www.youtube.com/watch?v=jyMn6um1NR4
NA,"Restoring Paramahansa Yogananda’s Windmill Chapel at the SRF Lake Shrine",https://www.youtube.com/watch?v=ZYuij9h-PPw
NA,"Destellos de inspiración – Agenda fotográfica 2016",https://www.youtube.com/watch?v=G-h0_mkQERE
NA,"Spiegelbilder der Seele – 2016 Terminkalender",https://www.youtube.com/watch?v=VHKp9-IQVJ8
NA,"Inner Reflections 2016 Engagement Calendar",https://www.youtube.com/watch?v=pgaT_Y1cF_s
NA,"Developing an Unconquerable Will - Part 3",https://www.youtube.com/watch?v=9WuQ2Iy4IwU
NA,"Developing an Unconquerable Will - Part 2",https://www.youtube.com/watch?v=SH9JLTUPxoQ
NA,"Developing an Unconquerable Will - Part 1",https://www.youtube.com/watch?v=KmiJ3UP0ca4
NA,"Opening to God's Love in Meditation - Part 2",https://www.youtube.com/watch?v=rJhRZbUtAe0
NA,"Opening to God's Love in Meditation - Part 1",https://www.youtube.com/watch?v=VeYcMyJGiE0
NA,"Wine of the Mystic – The Rubaiyat of Omar Khayyam: A Spiritual Interpretation",https://www.youtube.com/watch?v=sfnY4_uc-98
NA,"El vino del místico - El Rubaiyat de Omar Khayyam",https://www.youtube.com/watch?v=qeKu3DsfJiY
NA,"Inner Reflections 2015 Engagement Calendar",https://www.youtube.com/watch?v=kibkgnZn8nE
NA,"Destellos de inspiración Agenda fotográfica 2015",https://www.youtube.com/watch?v=PWkjPRwTTyM
NA,"Spiegelbilder der Seele – 2015 Terminkalendar",https://www.youtube.com/watch?v=usg-NGiHFq8
NA,"When I Am Only a Dream | A Poem by Paramahansa Yogananda Read by Sri Daya Mata",https://www.youtube.com/watch?v=uQFI4A5ZYTc
NA,"Scripture Of Love",https://www.youtube.com/watch?v=Z22edyOsNQc
NA,""Behold, the Kingdom of God Is Within You" | Sri Mrinalini Mata",https://www.youtube.com/watch?v=8GjMYstN1pc
NA,"The Beginning of Paramahansa Yogananda's Mission | Sri Mrinalini Mata",https://www.youtube.com/watch?v=PF5Eywyk-s8
NA,"The Holy Ghost Aum Vibration | Sri Mrinalini Mata",https://www.youtube.com/watch?v=aBVuiALRg-s
NA,"Kriya Yoga, the Science of God-realization | Sri Mrinalini Mata",https://www.youtube.com/watch?v=K-K93W0LFBQ
NA,"Practice Kriya Yoga Every Day | Sri Mrinalini Mata",https://www.youtube.com/watch?v=OvK-M4l3sr0
NA,"How to Know You Are Making Spiritual Progress | Sri Mrinalini Mata",https://www.youtube.com/watch?v=5mJ0PLvGB18
NA,"Practicing the Presence of God — Change Your Thoughts, Change Yourself | Sri Mrinalini Mata",https://www.youtube.com/watch?v=sU2icv7IcD0
NA,"Karma and Samskaras | Sri Mrinalini Mata",https://www.youtube.com/watch?v=kXpD3uBalaE
NA,"Spring 2011 Self Realization Magazine",https://www.youtube.com/watch?v=mjAywnOu71c
NA,"Part 9: Sri Daya Mata Memorial Service",https://www.youtube.com/watch?v=bSiQ1tFvRvM
NA,"Part 8: Sri Daya Mata Memorial Service",https://www.youtube.com/watch?v=mX_dc6ikrbQ
NA,"Part 10: Sri Daya Mata Memorial Service",https://www.youtube.com/watch?v=9JkL0S3JP9E
NA,"Part 11: Sri Daya Mata Memorial Service",https://www.youtube.com/watch?v=nwaIo_oxmeY
NA,"Part 7: Sri Daya Mata Memorial Service",https://www.youtube.com/watch?v=HMEK56NsJc4
NA,"Part 4: Sri Daya Mata Memorial Service",https://www.youtube.com/watch?v=GMg9mfPOzVg
NA,"Part 6: Sri Daya Mata Memorial Service",https://www.youtube.com/watch?v=vnEo5e0bZpA
NA,"Part 5: Sri Daya Mata Memorial Service",https://www.youtube.com/watch?v=u_14-yrkc8c
NA,"Part 2: Sri Daya Mata Memorial Service",https://www.youtube.com/watch?v=DE1ScWIbISg
NA,"Part 3: Sri Daya Mata Memorial Service",https://www.youtube.com/watch?v=a2u_bvoyoSI
NA,"Part 1: Sri Daya Mata Memorial Service",https://www.youtube.com/watch?v=DldQmH7Md0A
NA,"Introduction: Sri Daya Mata Memorial Service",https://www.youtube.com/watch?v=hqpyL-nYv74
